rank,title,author,year
1,Don Quixote,Miguel de Cervantes,1605
2,In Search of Lost Time,Marcel Proust,1913
3,Ulysses,James Joyce,1922
4,The Odyssey,Homer,-700
5,War and Peace,Leo Tolstoy,1869
6,Moby Dick,Herman Melville,1851
7,The Divine Comedy,Dante Alighieri,1472
8,Hamlet,William Shakespeare,1601
9,The Adventures of Huckleberry Finn,Mark Twain,1884
10,The Great Gatsby,F. Scott Fitzgerald,1925
11,The Iliad,Homer,-700
12,One Hundred Years of Solitude,Gabriel Garcia Marquez,1967
13,Madame Bovary,Gustave Flaubert,1857
14,Crime and Punishment,Fyodor Dostoyevsky,1866
15,The Brothers Karamazov,Fyodor Dostoyevsky,1880
16,Pride and Prejudice,Jane Austen,1813
17,Wuthering Heights,Emily Brontë,1847
18,The Sound and the Fury,William Faulkner,1929
19,Lolita,Vladimir Nabokov,1955
20,Nineteen Eighty Four,George Orwell,1949
21,Alice's Adventures in Wonderland,Lewis Carroll,1865
22,To the Lighthouse,Virginia Woolf,1927
23,Great Expectations,Charles Dickens,1861
24,Anna Karenina,Leo Tolstoy,1877
25,The Catcher in the Rye,J. D. Salinger,1945
26,Middlemarch,George Eliot,1871
27,Gulliver's Travels,Jonathan Swift,1726
28,The Aeneid,Virgil,-19
29,Heart of Darkness,Joseph Conrad,1899
30,One Thousand and One Nights,India/Iran/Iraq/Egypt,1706
31,The Canterbury Tales,Geoffrey Chaucer,1380
32,The Stranger,Albert Camus,1946
33,The Stories of Anton Chekhov,Anton Chekhov,1961
34,The Grapes of Wrath,John Steinbeck,1939
35,Catch-22,Joseph Heller,1961
36,The Red and the Black,Stendhal,1830
37,The Trial,Franz Kafka,1925
38,Leaves of Grass,Walt Whitman,1855
39,"Absalom, Absalom!",William Faulkner,1936
40,Oedipus the King,Sophocles,-429
41,Candide,Voltaire,1759
42,David Copperfield,Charles Dickens,1850
43,Invisible Man,Ralph Ellison,1952
44,Mrs. Dalloway,Virginia Woolf,1925
45,Beloved,Toni Morrison,1987
46,Jane Eyre,Charlotte Brontë,1847
47,The Complete Tales and Poems of Edgar Allan Poe,Edgar Allan Poe,1975
48,As I Lay Dying,William Faulkner,1930
49,Faust,Johann Wolfgang von Goethe,1808
50,The Complete Stories of Franz Kafka,Franz Kafka,1971
51,A Portrait of the Artist as a Young Man,James Joyce,1917
52,Paradise Lost,John Milton,1667
53,Things Fall Apart,Chinua Achebe,1958
54,To Kill a Mockingbird,Harper Lee,1960
55,Les Misérables,Victor Hugo,1862
56,Dead Souls,Nikolai Gogol,1842
57,Collected Fiction,Jorge Luis Borges,1935
58,Tristram Shandy,Laurence Sterne,1759
59,The Magic Mountain,Thomas Mann,1924
60,Animal Farm,George Orwell,1946
61,The Sun Also Rises,Ernest Hemingway,1926
62,Antigone,Sophocles,-442
63,The Idiot,Fyodor Dostoyevsky,1868
64,Midnight's Children,Salman Rushdie,1981
65,Emma,Jane Austen,1815
66,A Passage to India,E.M. Forster,1924
67,The Metamorphosis,Franz Kafka,1915
68,Gargantua and Pantagruel,Francois Rabelais,1532
69,The Portrait of a Lady,Henry James,1881
70,The Castle,Franz Kafka,1926
71,The Old Man and the Sea,Ernest Hemingway,1952
72,Fathers and Sons,Ivan Turgenev,1862
73,Tom Jones,Henry Fielding,1749
74,Brave New World,Aldous Huxley,1931
75,Fairy Tales and Stories,Hans Christian Anderson,1843
76,Lord of the Flies,William Golding,1954
77,Oresteia,Aeschylus,-458
78,Frankenstein,Mary Shelley,1831
79,Decameron,Giovanni Boccaccio,1350
80,A Farewell to Arms,Ernest Hemingway,1929
81,The Scarlet Letter,Nathaniel Hawthorne,1850
82,The Tale of Genji,Murasaki Shikibu,1000
83,Vanity Fair,William Makepeace Thackeray,1847
84,Oedipus at Colonus,Sophocles,-401
85,Robinson Crusoe,Daniel Defoe,1719
86,Waiting for Godot,Samuel Beckett,1953
87,Metamorphoses,Ovid,8
88,Cousin Bette,Honoré de Balzac,1846
89,The Tin Drum,Günter Grass,1959
90,Pale Fire,Vladimir Nabokov,1962
91,For Whom the Bell Tolls,Ernest Hemingway,1940
92,Father Goriot,Honoré de Balzac,1835
93,A Doll's House,Henrik Ibsen,1879
94,Under the Volcano,Malcolm Lowry,1947
95,Journey to the End of The Night,Louis-Ferdinand Céline,1932
96,Buddenbrooks,Thomas Mann,1901
97,The Lord of the Rings,J. R. R. Tolkien,1954
98,Poems of Emily Dickinson,Emily Dickinson,1955
99,Sons and Lovers,D. H. Lawrence,1913
100,Collected Poems of W. B. Yeats,W. B. Yeats,1933
101,Stories of Ernest Hemingway,Ernest Hemingway,1987
102,The Waste Land,T. S. Eliot,1922
103,The Possessed,Fyodor Dostoevsky,1872
104,Tess of the d'Urbervilles,Thomas Hardy,1891
105,The Good Soldier,Ford Madox Ford,1915
106,A Sentimental Education,Gustave Flaubert,1869
107,Slaughterhouse-Five,Kurt Vonnegut,1969
108,On the Road,Jack Kerouac,1957
109,Medea,Euripides,-431
110,Electra,Sophocles,-409
111,The Little Prince,Antoine de Saint-Exupéry,1943
112,Charlotte's Web,E. B. White,1952
113,Nostromo,Joseph Conrad,1904
114,Native Son,Richard Wright,1940
115,The Age of Innocence,Edith Wharton,1920
116,Gone With the Wind,Margaret Mitchell,1937
117,Household Tales,Brothers Grimm,1812
118,The Complete Stories of Flannery O'Connor,Flannery O'Connor,1971
119,The Master and Margarita,Mikhail Bulgakov,1966
120,Epic of Gilgamesh,Unknown,-600
121,The Flowers of Evil,Charles Baudelaire,1857
122,Twenty Thousand Leagues Under the Sea,Jules Verne,1870
123,Treasure Island,Robert Louis Stevenson,1881
124,King Lear,William Shakespeare,1608
125,Hunger,Knut Hamsun,1890
126,All the King's Men,Robert Penn Warren,1946
127,The Charterhouse of Parma,Stendhal,1839
128,The Plague,Albert Camus,1947
129,De Rerum Natura,Lucretius,-55
130,The Color Purple,Alice Walker,1982
131,Steppenwolf,Hermann Hesse,1927
132,An American Tragedy,Theodore Dreiser,1925
133,Doctor Zhivago,Boris Pasternak,1957
134,The Moviegoer,Walker Percy,1961
135,The Golden Notebook,Doris Lessing,1962
136,Dracula,Bram Stoker,1897
137,The Poems of Robert Frost,Robert Frost,1969
138,A Clockwork Orange,Anthony Burgess,1962
139,Lost Illusions,Honoré de Balzac,1837
140,The Tempest,William Shakespeare,1610
141,The Wind in the Willows,Kenneth Grahame,1908
142,The Count of Monte Cristo,Alexandre Dumas,1844
143,Orlando: A Biography,Virginia Woolf,1923
144,Prometheus Bound,Aeschylus,-415
145,Phèdre,Jean Racine,1677
146,Dangerous Liaison,Pierre Choderlos de Laclos,1782
147,The Picture of Dorian Gray,Oscar Wilde,1890
148,First Folio,William Shakespeare,1623
148,Eugenie Grandet,Honoré de Balzac,1833
149,Women in Love,D. H. Lawrence,1920
150,Doctor Faustus,Thomas Mann,1947
151,Hedda Gabler,Henrik Ibsen,1891
152,"Rabbit, Run ",John Updike,1960
153,Confessions of Zeno,Italo Svevo,1923
154,Lord Jim,Joseph Conrad,1900
155,The Mayor of Casterbridge,Thomas Hardy,1886
156,Berlin Alexanderplatz,Alfred Döblin,1929
157,The Handmaid's Tale,Margaret Atwood,1985
158,Their Eyes Were Watching God,Zora Neale Hurston,1937
159,American Pastoral,Philip Roth,1997
160,The Strange Case of Dr. Jekyll and Mr. Hyde,Robert Louis Stevenson,1886
161,The Complete Poetry and Prose of William Blake,William Blake,1827
162,My Antonia,Willa Cather,1918
163,Bleak House,Charles Dickens,1852
164,The Bacchae,Euripides,-405
165,One Flew Over the Cuckoo's Nest,Ken Kesey,1962
166,The Wind-Up Bird Chronicle,Haruki Murakami,1994
167,The Waves,Virginia Woolf,1931
168,Lysistrata,Aristophanes,-411
169,Blood Meridian,Cormac McCarthy,1986
170,Harry Potter And The Philosopher's Stone,J. K. Rowling,1997
171,The Complete Sherlock Holmes,Arthur Conan Doyle,1887
172,The Rime of the Ancient Mariner,Samuel Taylor Coleridge,1798
173,The Ambassadors,Henry James,1903
174,Independent People,Halldor Laxness,1946
175,Complete Poems of Giacomo Leopardi,Giacomo Leopardi,1946
176,The Man Without Qualities,Robert Musil,1930
177,Howards End,E. M. Forster,1910
178,The Mill on the Floss,George Eliot,1860
179,Seven Against Thebes, Aeschylus,-467
180,The Suppliants,Aeschylus,-470
181,The Persians,Aeschylus,-472
182,A Season in Hell,Arthur Rimbaud,1873
183,Of Mice and Men,John Steinbeck,1937
184,Jude the Obscure,Thomas Hardy,1895
185,Death in Venice,Thomas Mann,1912
186,Mourning Becomes Electra, Eugene O'Neill,1931
187,The Sonnets,William Shakespeare,1609
188,Tartuffe,Molière,1664
189,All Quiet on the Western Front,Erich Maria Remarque,1929
190,Light in August,William Faulkner,1932
191,The Pickwick Papers,Charles Dickens,1837
192,Philoctetes,Sophocles,-409
193,Ajax,Sophocles,-450
194,Women of Trachis,Sophocles,-410
195,Rebecca,Daphne du Maurier,1938
195,U.S.A. Trilogy,John Dos Passos,1938
196,The Confusions of Young Törless,Robert Musil,1906
197,Lady Chatterley's Lover,D. H. Lawrence,1928
198,The Adventures of Augie March,Saul Bellow,1953
199,The Unbearable Lightness of Being,Milan Kundera,1984
200,Le Morte d'Arthur,Thomas Malory,1485
201,Little Women,Louisa May Alcott,1868
202,Gravity's Rainbow,Thomas Pynchon,1973
203,Pilgrim's Progress,John Bunyan,1678
204,The Recognition of Sakuntala,Kalidasa,-200
205,If on a Winter's Night a Traveller,Italo Calvino,1979
206,Dune,Frank Herbert,1965
207,Through the Looking Glass,Lewis Carroll,1871
208,The Misanthrope,Molière,1673
209,The Birds,Aristophanes,-414
210,Rubaiyat of Omar Khayyam,Edward FitzGerald,1859
211,The Corrections,Jonathan Franzen,2001
212,Collected Poems,Wallace Stevens,1955
213,The Red Badge of Courage,Stephen Crane,1895
214,Henderson The Rain King,Saul Bellow,1959
215,The Good Soldier Svejk,Jaroslav Hašek,1923
216,Love in the Time of Cholera,Gabriel Garcia Marquez,1985
217,The Call of the Wild,Jack London,1903
218,The Prelude,William Wordsworth,1850
219,A Room With a View,E.M. Forster,1908
220,The Heart Is A Lonely Hunter,Carson McCullers,1940
221,Atonement,Ian McEwan,2002
222,The Three Musketeers,Alexandre Dumas,1844
223,A Confederacy of Dunces,John Kennedy Toole,1980
224,A Midsummer Night's Dream,William Shakespeare,1596
225,A Tale of Two Cities,Charles Dickens,1859
226,Little Dorrit,Charles Dickens,1857
227,The Master Builder,Henrik Ibsen,1892
228,Uncle Vanya,Anton Chekhov,1899
229,The Wild Duck,Henrik Ibsen,1885
230,Saint Joan,George Bernard Shaw,1923
231,Zorba the Greek,Nikos Kazantzakis,1946
232,Dubliners,James Joyce,1914
233,Pedro Paramo,Juan Rulfo,1955
234,The Adventures of Oliver Twist,Charles Dickens,1837
235,Trojan Women,Euripides,-415
236,Beowulf,Unknown,900
237,The Leopard,Giuseppe Tomasi di Lampedusa,1958
238,The House of the Spirits,Isabel Allende,1982
239,"The Lion, The Witch and the Wardrobe ",C.S. Lewis,1950
240,The Maltese Falcon,Dashiell Hammett,1930
241,The Remains of the Day,Kazuo Ishiguro,1989
242,Fahrenheit 451,Ray Bradbury,1953
243,Finnegans Wake,James Joyce,1939
244,The Would-Be Invalid,Molière,1673
245,The Miser,Molière,1668
246,The School for Wives,Molière,1662
247,Don Juan,Molière,1821
248,The Critique of the School for Wives,Molière,1662
249,The Would-Be Gentleman,Molière,1670
250,White Teeth,Zadie Smith,2000
251,"I, Claudius ",Robert Graves,1934
252,Humboldt's Gift,Saul Bellow,1975
253,Memoirs of Hadrian,Marguerite Yourcenar,1951
254,Herzog,Saul Bellow,1964
255,Labyrinths,Jorge Luis Borges,1962
256,Jacques the Fatalist and His Master,Denis Diderot,1796
257,Journey to the West, Wu Cheng'en,1592
258,Molloy,Samuel Beckett,1951
259,The Counterfeiters,André Gide,1925
260,The Temple of the Golden Pavilion,Yukio Mishima,1956
261,Winnie the Pooh,A. A. Milne,1926
262,The Poems of John Keats,John Keats,1821
263,The Book of Disquiet,Fernando Pessoa,1982
264,Three Sisters,Anton Chekhov,1901
265,The Big Sleep,Raymond Chandler,1939
266,The Alchemist,Paulo Coelho,1988
267,The House of Mirth,Edith Wharton,1905
268,Malone Dies,Samuel Beckett,1951
269,Macbeth,William Shakespeare,1587
270,Uncle Tom's Cabin,Harriet Beecher Stowe,1852
271,Bérénice,Jean Racine,1670
272,Our Mutual Friend,Charles Dickens,1865
273,The Stories of John Cheever,John Cheever,1978
274,Wide Sargasso Sea,Jean Rhys,1966
275,Poems of W. H. Auden,W. H. Auden,1930
276,Siddhartha,Hermann Hesse,1922
277,Austerlitz,W. G. Sebald,2001
278,The Cherry Orchard,Anton Chekhov,1904
279,The Fountainhead,Ayn Rand,1943
280,The Clouds,Aristophanes,-423
281,Stories of Guy de Maupassant,Guy de Maupassant,1880
282,The Makioka Sisters,Tanizaki Jun’ichirō,1948
283,A House for Mr. Biswas,V.S. Naipaul,1961
284,The Unnamable,Samuel Beckett,1953
285,Romeo and Juliet,William Shakespeare,1597
286,Collected Poems of Dylan Thomas,Dylan Thomas,1952
287,Selected Stories of Lu Hsun,Xun Lu,1936
288,Pippi Longstocking,Astrid Lindgren,1945
289,History,Elsa Morante,1974
290,The Time Machine,H. G. Wells,1895
291,Lyrical Ballads,"William Wordsworth, Samuel Taylor Coleridge",1798
292,The Maias: Episodes from Romantic Life,Eça de Queirós,1888
293,Dream of the Red Chamber,Cao Xueqin,1791
294,The Man Who Loved Children,Christina Stead,1940
295,The World According to Garp,John Irving,1978
296,Oblomov,Ivan Goncharov,1859
297,Tender Is the Night,F. Scott Fitzgerald,1934
298,The Jungle,Upton Sinclair,1906
299,The Hitchhiker's Guide to the Galaxy,Douglas Adams,1979
300,Moll Flanders,Daniel Defoe,1772
301,The Stand,Stephen King,1978
302,The Long Goodbye: A Novel,Raymond Chandler,
303,Collected Poems of T.S. Eliot,T.S. Eliot,1936
304,Bartleby the Scrivener,Herman Melville,1853
305,Hippolytus,Euripides,-428
306,The Wonderful Wizard of Oz,L. Frank Baum,1900
307,A Wrinkle In Time,Madeleine L'Engle,1962
308,Ethan Frome,Edith Wharton,1911
309,Krapp's Last Tape,Samuel Beckett,1958
310,The Things They Carried,Tim O'Brien,1990
311,The Way We Live Now,Anthony Trollope,1875
312,The Amazing Adventures of Kavalier and Clay,Michael Chabon,2000
313,Nausea,Jean-Paul Sartre,1938
314,Rabbit Is Rich,John Updike,1981
315,Rabbit at Rest,John Updike,1990
316,The Prime of Miss Jean Brodie,Muriel Spark,1961
317,The Road,Cormac McCarthy,2006
318,Of Human Bondage,W. Somerset Maugham,1915
319,Nine Stories,J.D. Salinger,1953
320,Clarissa,Samuel Richardson,1748
321,The Complete Poetry and Selected Prose of John Donne,John Donne,1631
322,Utopia,Thomas More,1516
323,Rabbit Redux, John Updike,1971
324,Atlas Shrugged,Ayn Rand,1957
325,The Poisonwood Bible,Barbara Kingsolver,1998
326,The Good Earth,Pearl S. Buck,1931
327,Nineteen Nineteen,John Dos Passos,1932
328,Song of Solomon,Toni Morrison,1977
329,A Tree Grows in Brooklyn,Betty Smith,1943
330,The Big Money,John Dos Passos,1936
331,The 42nd Parallel,John Dos Passos,1930
332,White Noise,Don DeLillo,1985
333,Arrowsmith,Sinclair Lewis,1925
334,Persuasion,Jane Austen,1818
335,My Name Is Aram,William Saroyan,1940
336,The Brief Wondrous Life of Oscar Wao,Junot Diaz,2007
337,Adolphe,Benjamin Constant,1816
338,The Custom of the Country,Edith Wharton,1913
339,The Naked Dead,Norman Mailer,1948
340,Never Let Me Go,Kazuo Ishiguro,2005
341,Infinite Jest,David Foster Wallace,1996
342,Lucky Jim,Kingsley Amis,1954
343,War of the Worlds,H. G. Wells,1898
344,The Book Thief,Markus Zusak,2005
345,A Death in the Family,James Agee,1957
346,The English Patient,Michael Ondaatje,1992
347,Diary of a Madman and Other Stories,Xun Lu,1918
348,Aesop's Fables,Aesop,-560
349,"So Long, See You Tomorrow",William Maxwell,1981
350,Othello,William Shakespeare,1603
351,Watership Down,Richard Adams,1972
352,Brighton Rock,Graham Greene,1938
353,The Devil to Pay in the Backlands,Joao Guimaraes Rosa,1956
354,The Duino Elegies,Rainer Maria Rilke,1923
355,The Death of Ivan Ilyich,Leo Tolstoy,1886
356,Selected Stories of Alice Munro,Alice Munro,1996
357,Invisible Cities,Italo Calvino,1972
358,A Prayer for Owen Meany,John Irving,1989
359,The Hunchback of Notre-Dame,Victor Hugo,1831
360,Brideshead Revisited,Evelyn Waugh,1945
361,2001: A Space Odyssey,Arthur C. Clarke,1951
362,The Poems of Walt Whitman,Walt Whitman,1892
363,Twice-Told Tales,Nathaniel Hawthorne,1837
364,The Complete Poetry and Essential Prose of John Milton,John Milton,1674
365,The Faerie Queene,Edmund Spenser,1590
366,Death Comes for the Archbishop,Willa Cather,1927
367,A Christmas Carol,Charles Dickens,1843
368,Bastard Out of Carolina,Dorothy Allison,1993
369,Cyrano de Bergerac,Edmond Rostand,1897
370,Loving,Henry Green,1945
371,The Hound of the Baskervilles,Sir Arthur Conan Doyle,1901
372,Tristan,Gottfried von Strassburg,1210
373,The Princess of Cleves,Madame de La Fayette,1678
374,Blindness,Jose Saramago,1998
375,The Killer Angels,Michael Shaara,1974
376,Possession,A.S. Byatt,1990
377,Gypsy Ballads,Federico Garcia Lorca,1928
378,Masnavi,Jalal al-Din Muhammad Rumi,1250
379,Children of Gebelawi,Naguib Mahfouz,1059
380,Njal's Saga,Iceland,1200
381,Forbidden Colours,Yukio Mishima,1951
382,Season of Migration to the North,Al-Tayyib Salih,1966
383,The Sound of the Mountain,Yasunari Kawabata,1970
384,Poems,Paul Celan,2001
385,Bostan, Saadi,1257
386,"The Sea, The Sea",Iris Murdoch,1978
387,Kim,Rudyard Kipling,1901
388,The Odes,Horace,-23
389,Bouvard et Pécuchet,GUSTAVE FLAUBERT,1881
390,The War of the End of the World,Mario Vargas Llosa,1981
391,Crash: A Novel,J. G. Ballard,1973
392,Satanic Verses,Salman Rushdie,1988
393,Watchmen,Alan Moore and Dave Gibbons,1986
394,Middlesex,Jeffrey Eugenides,2002
395,Endgame,Samuel Beckett,1957
396,The Adventures of Tom Sawyer,Mark Twain,1876
397,A Dance to the Music of Time,Anthony Powell,1951
398,A Lost Lady,Willa Cather,1923
399,The Last of the Mohicans,James Fenimore Cooper,1826
400,Barchester Towers,Anthony Trollope,1857
401,Long Day's Journey Into Night,Eugene O'Neill,1956
402,I'm Not Stiller,Max Frisch,1957
403,Sophie's World: A Novel About the History of Philosophy,Jostein Gaarder,1991
404,The Lover,Marguerite Duras,1984
405,The Lady with the Dog,Anton Chekhov,1899
406,Robert Browning's Poetry,Robert Browning,1889
407,The Crying of Lot 49,Thomas Pynchon,1966
408,The Marriage Of Cadmus And Harmony,Roberto Calasso,1988
409,2666,Roberto Bolano,2004
410,One Day in the Life of Ivan Denisovich,Aleksandr Solzhenitsyn,1962
411,The Woman in White,Wilkie Collins,1859
412,The Bell Jar,Sylvia Plath,1963
413,Waiting for the Barbarians, J.M. Coetzee,1980
414,In Our Time,Ernest Hemingway,1925
415,Tropic of Cancer,Henry Miller,1934
416,A Handful of Dust,Evelyn Waugh,1934
417,Six Characters in Search of an Author,Luigi Pirandello,1921
418,Parade's End,Ford Madox Ford,1924
419,Cloud Atlas,David Mitchell,2004
420,The Complete Poems of Samuel Taylor Coleridge,Samuel Coleridge,1834
421,Norwegian Wood,Haruki Murakami,1987
422,Collected Stories,William Somerset Maugham,1965
423,"Look Homeward, Angel",Thomas Wolfe,1929
424,Main Street,Sinclair Lewis,1920
425,Germinal,Émile Zola,1885
426,The Sorrows of Young Werther,Johann Wolfgang von Goethe,1774
427,Go Tell it on the Mountain,James Baldwin,1953
428,Songs of Innocence and Experience,William Blake,1789
429,Naked Lunch,William Burroughs,1959
430,Portnoy's Complaint,Philip Roth,1969
431,Gimpel the Fool,Isaac B Singer,1957
432,Stranger in a Strange Land,Robert A. Heinlein,1961
433,The Secret History,Donna Tartt,1992
434,We,Yevgeny Zamyatin,1921
435,The Turn of the Screw,Henry James,1898
436,The Short Happy Life of Francis Macomber,Ernest Hemingway,1936
437,Mother Courage and Her Children,Bertolt Brecht,1939
438,A Rose for Emily,William Faulkner,1930
439,The Prussian Officer,D. H. Lawrence,1914
440,"Germany, a Winter Tale",Heinrich Heine,1844
441,The Beast in the Jungle,Henry James,1903
442,Bonfire of the Vanities,Tom Wolfe,1987
443,"Carry On, Jeeves",P.G. Wodehouse,1925
444,The Selected Works of Cesare Pavese,Cesare Pavese,
445,The Alexandria Quartet,Lawrence Durrell,1957
446,Ragtime,E.L. Doctorow,1975
447,The Last Chronicle of Barset,Anthony Trollope,1867
448,The Betrothed,Alessandro Manzoni,1842
449,A Hero of Our Time,Mikhail Lermontov,1840
450,The Moon and the Bonfires,Cesare Pavese,1949
451,The Golden Bowl,Henry James,1904
452,"Winesburg, Ohio",Sherwood Anderson,1919
453,Le Cid,Pierre Corneille,1637
454,The Importance of Being Earnest,Oscar Wilde,1895
455,His Dark Materials,Philip Pullman,1995
456,Call It Sleep,Henry Roth,1934
457,The Old Wives' Tale,Arnold Bennett,1908
458,The Nibelungenlied,Anonymous,1200
459,Murder on the Orient Express,Agatha Christie,1934
460,Parzival,Wolfram Eschenbach,1200
461,Watt,Samuel Beckett,1953
462,Daphnis and Chloe,Longus,200
463,Los Siete Locos,Roberto Arlt,1929
464,The Death of the Heart,Elizabeth Bowen,1938
465,The Phantom Tollbooth,Norton Juster,
466,The Name of the Rose,Umberto Eco,1980
467,Balzac and the Little Chinese Seamstress,Dai Sijie,2000
468,The Poems of Francois Villon,François Villon,1463
469,The Radetzky March,Joseph Roth,1932
470,Death of Virgil,Hermann Broch,1945
471,Snow Crash,Neal Stephenson,1992
472,Don Juan: A Poem,Lord Byron,1819
473,The Breakfast of Champions,Kurt Vonnegut,1973
474,"If I Forget Thee, Jerusalem",William Faulkner,1939
475,Poems of Federico García Lorca,Federico García Lorca,1941
476,The Voyage of the Dawn Treader: The Chronicles of Narnia,C. S. Lewis,1952
477,The Silver Chair: The Chronicles of Narnia,C. S. Lewis,1953
478,The Horse and His Boy: The Chronicles of Narnia,C. S. Lewis,1954
479,The Last Battle: The Chronicles of Narnia,C. S. Lewis,1956
480,Prince Caspian: The Return to Narnia,C. S. Lewis,1951
481,The Magician's Nephew,"C. S. Lewis, Clive Staples Lewis",1955
482,The Warden,Anthony Trollope,1855
483,Silas Marner,George Eliot,1861
484,Jakob Von Gunten,Robert Walser,1909
485,Amelia,Henry Fielding,1751
486,The Iceman Cometh,Eugene O'Neill,1939
487,The Go-Between,L.P. Hartley,1953
488,Kokoro,Sōseki Natsume,1914
489,Mysteries,Knut Hamsun,1892
490,Romance of the Three Kingdoms,Guanzhong Luo,1301
491,The Complete Plays of T. S. Eliot,T. S. Eliot,1965
492,Burmese Days,George Orwell,1934
493,The Narrow Road to the Deep North,Matsuo Bashō,1689
494,The Eustace Diamonds,Anthony Trollope,1871
495,The Blithedale Romance,Nathaniel Hawthorne,1852
496,Shahnameh,Ferdowsi,1010
497,The Loneliness of the Long-distance Runner,Alan Sillitoe,1959
498,The Plum in the Golden Vase,Anonymous,1610
499,The Complete Works of Nathanael West,Nathanael West,1940
500,The Seance and Other Stories,Isaac Bashevis Singer,1991
501,Confessions of a Mask,Yukio Mishima,1949
502,Beauty and Sadness,Yasunari Kawabata,1964
503,The Poems of Percy Bysshe Shelley,Percy Bysshe Shelley,1822
504,Vendor Of Sweeets,"R. K. Narayan, R.K.",1967
505,The English Teacher,R. K. Narayan,1945
506,Dreamtigers,Jorge Luis Borges,1960
507,First Circle,Aleksandr Solzhenitsyn,1968
508,Alcestis,Euripedes,-438
509,The Collected Plays of W.B. Yeats,William Butler Yeats,1939
510,Cancer Ward,Aleksandr Solzhenitsyn,1967
511,The Fortunes Of Richard Mahony,Henry Handel Richardson,1929
512,Short Friday: And Other Stories,Isaac Bashevis Singer,1991
513,The Heart of the Matter,Graham Greene,1948
514,A Bend in the River,V. S. Naipaul,1979
515,A Good Man Is Hard to Find,Flannery O'Connor,1955
516,The Sense of an Ending,Julian Barnes,2011
517,The French Lieutenant's Woman,John Fowles,1969
518,The End of the Affair,Graham Greene,1951
519,The Man of Property,John Galsworth,1906
520,Awakening,John Galsworthy,1920
521,To Let,John Galsworthy,1921
522,In Chancery,John Galsworthy,1920
523,Indian Summer of a Forsyte,John Galsworthy,1918
524,Foundation,Isaac Asimov,1951
525,The Hobbit,J. R. R. Tolkien,1937
526,Studs Lonigan,James T. Farrell,1935
527,Scoop,Evelyn Waugh,1938
528,Jesus' Son,Denis Johnson,1999
529,The Thorn Birds,Colleen McCullough,1977
530,The Jungle Book,Rudyard Kipling,1894
531,Legends of The Fall,Jim Harrison,1979
532,Love Medicine,Louise Erdrich,1984
533,Neuromancer,William Gibson,1984
534,Anniversaries,Uwe Johnson,1970
535,All the Pretty Horses,Cormac McCarthy,1992
536,Complete Poems,Elizabeth Bishop,1979
537,The Bean Trees,Barbara Kingsolver,1988
538,Oranges are not the only Fruit,Jeanette Winterson,1985
539,"Jimmy Corrigan, the Smartest Kid on Earth",Chris Ware,2001
540,The Emigrants,Winfried Georg Sebald,1992
541,"Cry, the Beloved Country",Alan Paton,1948
542,The Waste Land and Other Poems,T. S. Eliot,1965
543,"Tinker, Tailor, Soldier, Spy",John Le Carre,1974
544,The Short Stories of F. Scott Fitzgerald,F. Scott Fitzgerald,1940
545,Omeros,Derek Walcott,1990
546,Dom Casmurro,Machado de Assis,1899
547,Some Prefer Nettles,Junichiro Tanizaki,1929
548,Tales of the South Pacific,James A. Michener,1947
549,Money,Martin Amis,1984
550,A Separate Peace,John Knowles,1959
551,The Lusiad,Luís Vaz Camões,1572
552,The Lottery and Other Stories,Shirley Jackson,1949
553,Billy Budd,Herman Melville,1924
554,Paddy Clarke Ha Ha Ha,Roddy Doyle,1993
555,The Yearling,Marjorie Kinnan Rawlings,1938
556,Darkness at Noon,Arthur Koestler,1940
557,American Psycho,Bret Easton Ellis,1991
558,"Horseman, Pass By: A Novel",Larry McMurtry,1961
559,My Book House,Olive Beaupré Miller,1921
560,The Fault in Our Stars,John Green,2012
561,The Poorhouse Fair: A Novel,John Updike,1959
562,The Times Are Never So Bad: A Novella and Eight Short Stories,Andre Dubus,1983
563,Stories of Washington Irving,Washington Irving,1859
564,She Stoops to Conquer,Oliver Goldsmith,1773
565,Monsignor Quixote,Graham Greene,1982
566,The Bone is Pointed: An Inspector Bonaparte Mystery #6,Arthur W. Upfield,1938
567,Open Secrets: Stories,Alice Munro,1994
568,Body Rags,Galway Kinnell,1968
569,Dark symphony: Negro literature in America,"James A. Emanuel (Comp), Theodore L. Gross (Joint Comp)",
570,Ivanhoe,Walter Scott,1820
571,The Negro Caravan: Writings by American Negroes,"Sterling Allen Brown, Arthur Paul Davis, Ulysses Lee",1941
572,Eight Men: Short Stories,Richard Wright,1961
573,Rashomon and Seventeen Other Stories,Ryunosuke Akutagawa,1915
574,Death of a Lake,Arthur William Upfield,1954
575,The Prince and the Pauper: A Tale for Young People of All Ages,Mark Twain,1881
576,Of Time and the River: A Legend of Man's Hunger in His Youth,Thomas Wolfe,1935
577,The Richard Trilogy,Paul Horgan,1990
578,Housekeeping,Marilynne Robinson,1980
579,Revolutionary Road,Richard Yates,1961
580,Sophie's Choice,William Styron,1979
581,Wolf Hall,Hilary Mantel,2009
582,Hawaii,James Albert Michener,1959
583,Breakfast at Tiffany's,Truman Capote,1958
584,Collected Poems,Arthur Rimbaud,1954
585,Babbitt,Sinclair Lewis,1922
586,Collected Poems,Stéphane Mallarmé,1898
587,The Kite Runner,Khaled Hosseini,2003
588,"Life, a User's Manual",Georges Perec,1978
589,My Name is Red,Orhan Pamuk,2001
590,The House of the Seven Gables,Nathaniel Hawthorne,1851
591,Do Androids Dream of Electric Sheep?,Philip K. Dick,1968
592,The Wanderer,Henri Alain-Fournier,1913
593,Bridget Jones's Diary,Helen Fielding,1996
594,Zazie in the Metro,Raymond Queneau,1959
595,Sir Gawain and the Green Knight,Simon Armitage,2007
596,Bonjour Tristesse,Francoise Sagan,1954
597,Way of All Flesh,Samuel Butler,1903
598,The Blind Assassin,Margaret Atwood,2000
599,The Tale of Peter Rabbit,Beatrix Potter,1902
600,First Love,Ivan Turgenev,1860
601,Much Ado about Nothing,William Shakespeare,1599
602,Perfume,Patrick Suskind,1985
603,La Saga/ Fuga de J. B./ The Saga/ Escape of J.B.,Gonzalo Torrente Ballester,1972
604,"The Tootinameh; Or, Tales of a Parrot","India, Iran",1560
605,Les Enfants Terribles,Jean Cocteau,1929
606,Antiworlds,Andrey Voznesensky,
607,Somersault,Kenzaburō Ōe,1999
608,The Stone Raft,José Saramago,1986
609,The Reader,Bernhard Schlink,1995
610,The Years with Laura Diaz,Carlos Fuentes,1999
611,A Tomb for Boris Davidovich,Danilo Kiš,1976
612,The Rings of Saturn,W. G. Sebald,1998
613,The Kalevala,Elias Lönnrot,1835
614,"If Not Now, When?",Primo Levi,1982
615,Happy Moscow,Andrey Platonov,
616,The Black Book,Orhan Pamuk,1990
617,"Memed, My Hawk",Yashar Kemal,1955
618,Count Julian,Juan Goytisolo,1970
619,Italian Folktales,Italo Calvino,1956
620,Soul and Other Stories,Andrey Platonov,
621,Jealousy: A Novel,Alain Robbe-Grillet,1957
622,The Sorrow Of War,Bao Ninh,1990
623,My City: A Hong Kong Story,Xi Xi,
624,Teahouse,by She Lao,1957
625,The Book of Songs,China,1937
626,Fateless,Imre Kertész,1975
627,Another Country,Karel Schoeman,1984
628,"Charlie And The Chocolate Factory,",Roald Dahl,1964
629,Poems of Alfred Lord Tennyson,Alfred Lord Tennyson,1892
630,The Dog Star,Agneta Pleijel,
631,Embers,Sandor Marai,1942
632,The Dancing Girl of Izu and Other Stories,Yasunari Kawabata,1929
633,The Royal Physician's Visit: A Novel,Per Olov Enquist,1999
634,The Half Brother: A Novel,Lars Saabye Christensen,2011
635,Édes Anna,Dezső Kosztolányi,1991
636,The Return and Other Stories,Andrey Platonov,
637,Le Roman de la Rose,Guillaume (de Lorris),1230
638,The Burn: A Novel in Three Books : (late Sixties--early Seventies),Vassily Aksyonov,1975
639,August 1914,Aleksandr Isaevich Solzhenit︠s︡yn,1971
640,Smilla's Sense of Snow: A Novel,Peter Høeg,1992
641,Henry V,William Shakespeare,1599
642,Journey by Moonlight,Antal Szerb,1937
643,The Collected Songs of Cold Mountain,Han Shan,1985
644,The Stories of Raymond Carver,Raymond Carver,1988
645,The Skeleton,Amrita Pritam,1950
646,Identity: A Novel,Milan Kundera,1998
647,Thousand Cranes,Yasunari Kawabata,1952
648,Life and Fate,Vasily Grossman,1959
649,Soul Mountain,Xingjian Gao,1990
650,Growth of the Soil,Knut Hamsun,1920
651,Thérèse Raquin,Emile Zola,1867
652,The Three-Arched Bridge,Ismail Kadare,1978
653,"And where Were You, Adam?",Heinrich Böll,1951
654,The Gift,Vladimir Nabokov,1938
655,The Garlic Ballads: A Novel,Yan Mo,
656,The Sot-Weed Factor,John Barth,1960
657,Where the Wild Things Are,Maurice Sendak,1963
658,The Joy Luck Club,Amy Tan,1989
659,The Monkey Wrench Gang,Edward Abbey,1975
660,Disgrace,J. M. Coetzee,1999
661,Howl and Other Poems,Allen Ginsberg,1956
662,The Known World,Edward P. Jones,2003
663,Fragments,Heraclitus,-475
664,Sula,Toni Morrison,1973
665,Schindler's List,Thomas Keneally,1982
666,The Awakening,Kate Chopin,1899
667,The Sleepwalkers,Hermann Broch,1931
668,Jazz,Toni Morrison,1992
669,The Collected Stories of Eudora Welty,Eudora Welty,1982
670,The Crucible,Arthur Miller,1953
671,The Shining,Stephen King,1977
672,Fables of La Fontaine,Jean de La Fontaine,1694
673,A Streetcar Named Desire,Tennessee Williams,1947
674,Daniel Deronda,George Eliot,1876
675,Alcools,Guillaume Apollinaire,1913
676,At Swim Two-Birds,Flann O'Brien,1939
677,The Collected Stories of William Faulkner,William Faulkner,1950
678,Four Quartets, T. S. Eliot,1943
679,Hopscotch,Julio Cortázar,1963
680,Manon Lescaut,Abbe Prevost,1731
681,The Day of the Locust,Nathanael West,1939
682,Poems of Rumi,Jalāl al-Dīn Rūmī (Maulana),1273
683,The Savage Detectives,Roberto Bolaño,1998
684,Nectar in a Sieve,Kamala Markandaya,1954
685,Waiting,Ha Jin,1999
686,"Are You There God? It's Me, Margaret",Judy Blume,1970
687,The Line of Beauty,Alan Hollinghurst,2004
688,Varieties of Disturbance: Stories,Lydia Davis,2007
689,The Rainbow,D. H. Lawrence,1915
690,Manhattan Transfer,John Dos Passos,1925
691,The Notebooks of Malte Laurids Brigge,Rainer Maria Rilke,1910
692,The Collected Stories of Isaac Babel,Isaac Babel,1955
693,Story of Ferdinand,Munro Leaf,1936
694,Hyperion,Friedrich Holderlin,1797
695,The Cloister and the Hearth,Charles Reade,1861
696,The Little Grey Men,B B,1942
697,Smoky the Cowhorse,Will James,1927
698,Stories from the Lord Keuner,Dieter Wöhrle,1926
699,Stories of Adalbert Stifter,Adalbert Stifter,1868
700,Sudelbücher,Georg Christoph Lichtenberg,
701,Track,Ernst Bloch,
702,The Loyal Subject,Heinrich Mann,1918
703,The Voyages of Doctor Dolittle,Hugh Lofting,1922
704,Miss Susie Slagle's,Augusta Tucker,1939
705,Elective Affinities,Johann Wolfgang von Goethe,1809
706,The Scarlet Plague,Jack London,1915
707,The Little Engine that Could,Platt & Munk,1930
708,Miss Pickerell Goes to Mars,Ellen Macgregor,1951
709,The Seventh Cross,Anna Seghers,1942
710,Pygmalion,Bernard Shaw,1912
711,Edmund Dulac's Fairy-Book,Edmund Dulac,1953
712,Forever: A Novel,Pete Hamill,2003
713,The Life and Opinions of the Tomcat Murr,E.T.A. Hoffmann,1819
714,Aus dem Leben eines Taugenichts,Joseph von Eichendorff,1826
715,The Moon is Down,John Steinbeck,1942
716,Simplicius Simplicissimus,Hans Jakob Christoffel von Grimmelshausen,1668
717,Green Henry,Gottfried Keller,1855
718,The Stechlin,Theodor Fontane,1899
719,The Song of Hiawatha,Henry Wadsworth Longfellow,1855
720,Stories,Heinrich von Kleist,1777
721,The Hunger Games,Suzanne Collins,
722,Casino Royale,Ian Fleming,1953
723,The Collected Stories of Heinrich Boll,Heinrich Boll,1948
724,Siebenkäs,Jean Paul,1796
725,"Abu Telfan, Return from the Mountains of the Moon",Wilhelm Karl Raabe,1867
726,Lenz,Georg Buchner,1839
727,Gone Girl,Gillian Flynn,
728,The Warlord of Mars,Edgar Rice Burroughs,1913
729,The Island Within,Ludwig Lewisohn,1928
730,Querelle,Jean Genet,1947
731,Schatzkästlein des Rheinischen Hausfreundes,Johann Peter Hebel,1811
732,A Game of Thrones,George R. R. Martin,1996
733,The Sheltering Sky,Paul Bowles,1949
734,Wings of the Dove,Henry James,1902
735,NW: A Novel,Zadie Smith,2012
736,Villette,Charlotte Bronte,1853
737,Little Disturbances,Grace Paley,1959
738,Maldoror (Les Chants de Maldoror),Comte de Lautréamont,1869
739,The Code of the Woosters,P. G. Wodehouse,1938
740,Brick Lane,Monica Ali,2003
741,The Mists of Avalon,Marion Zimmer Bradley,1983
742,One Hundred and One Poems by Paul Verlaine,Paul Verlaine,1999
743,East of Eden,John Steinbeck,1952
744,The God of Small Things,Arundhati Roy,1997
745,Bel Canto,Ann Patchett,2001
746,Kristin Lavransdatter,Sigrid Undset,1920
747,Tell Me a Riddle,Tillie Olsen,1961
748,The Fall,Albert Camus,1956
749,Notes from the Underground,Fyodor Dostoyevsky,1864
750,Life of Pi,Yann Martel,2001
751,Ferdydurke,Witold Gombrowicz,1937
752,The Horse's Mouth,Joyce Cary,1944
753,Cold Comfort Farm,Stella Gibbons,1932
754,The Once and Future King,T. H. White,1958
755,The Feast of the Goat: A Novel,Mario Vargas Llosa,2000
756,The Famished Road,Ben Okri,1991
757,Prufrock and Other Observations,T.S. Eliot,1917
758,The Human Stain,Philip Roth,2000
759,Man's Fate,Andre Malraux,1934
760,Selected Poems,Pierre Ronsard,1585
761,A Fine Balance,Rohinton Mistry,1995
762,Baudolino,Umberto Eco,2000
763,The Razor's Edge,W. Somerset Maugham,1944
764,Remainder,Tom McCarthy,2005
765,Collected Works of Edna St. Vincent Millay,Edna St. Vincent Millay,1950
766,The Magus,John Fowles,1966
767,Selected Poems of Lord Byron,Lord Byron,1824
768,The Poems of Wilfred Owen,Wilfred Owen,1920
769,The Real Life of Sebastian Knight,Vladimir Nabokov,1941
770,The Poems of Sappho,Sappho,-570
771,Selected Stories,D. H. Lawrence,1930
772,Kaputt,Curzio Malaparte,
773,Decline and Fall,Evelyn Waugh,1928
774,Poems of Friedrich Hölderlin,Friedrich Hölderlin,1843
775,Snow Falling on Cedars,David Guterson,1994
776,The Passion,Jeanette Winterson,1987
777,The Posthumous Memoirs of Bras Cubas,Machado de Assis,1881
778,Les Filles du feu,Gerard de Nerval,1854
779,What We Talk About When We Talk About Love,Raymond Carver,1981
780,Deliverance,James Dickey,1970
781,Gilead,Marilynne Robinson,2004
782,Appointment in Samarra,John O'Hara,1934
783,Regeneration,Pat Barker,1991
784,The Tartar Steppe,Dino Buzzati,1940
785,The New York Trilogy,Paul Auster,1987
786,Dombey and Son,Charles Dickens,1848
787,The Talented Mr. Ripley,Patricia Highsmith,1950
788,Poems of Eugenio Montale,Eugenio Montale,1975
789,Cold Mountain,Charles Frazier,1997
790,The Complete Writings of Alfred de Musset,Alfred de Musset,1857
791,The Swimming-Pool Library,Alan Hollinghurst,1988
792,High Fidelity,Nick Hornby,1995
793,The Little Stranger,Sarah Waters,2009
794,Going After Cacciato,Tim O'Brien,1979
795,The Bridge of San Luis Rey,Thornton Wilder,1927
796,Cathedral,Raymond Carver,1984
797,The Giver,Lois Lowry,1993
798,New Grub Street: A Novel,George Gissing,1891
799,The Merry Adventures of Robin Hood,Howard Pyle,1883
800,Gogol's Wife,Tommaso Landolfi,1963
801,The Old Curiosity Shop,Charles Dickens,1941
802,The Day of the Triffids,John Wyndham,1951
803,A Canticle for Leibowitz,Walter M. Miller,1961
804,Flatland: A Romance of Many Dimensions,Edwin A. Abbott,1884
805,Dinner at the Homesick Restaurant,Anne Tyler,1982
806,Birds of America,Lorrie Moore,1998
807,The Shell Seekers,Rosamunde Pilcher,1987
808,Andersonville,MacKinlay Kantor,1955
809,The Collected Poems of William Carlos Williams: 1909-1939,William Carlos Williams,1939
810,"The Figaro Trilogy: The Barber of Seville, The Marriage of Figaro, The Guilty Mother",Pierre-Augustin Caron de Beaumarchais,1792
811,Les Tragiques,Agrippa d'Aubigné,1616
812,Les Destinées,Alfred de Vigny,1864
813,Richard III,William Shakespeare,1592
814,The Transit of Venus,Shirley Hazzard,1980
815,Betrayed by Rita Hayworth,Manuel Puig,1968
816,Three Lives,Gertrude Stein,1909
817,Poet in New York,Frederico García Lorca,1929
818,The Prince of Tides,Pat Conroy,1986
819,The Accidental Tourist,Anne Tyler,1985
820,And Then There Were None,Agatha Christie,1939
821,Daisy Miller,Henry James,1878
822,The Return of the Native,Thomas Hardy,1878
823,The Hour of the Star,Clarice Lispector,1977
824,Miss Lonelyhearts,Nathanael West,1933
825,"Roll of Thunder, Hear My Cry",Mildred D. Taylor,1976
826,Ubu Roi,Alfred Jarry,1896
827,The Collected Works of Paul Valéry,Paul Valéry,1945
828,The Hamlet,William Faulkner,1940
829,Lunch Poems,Frank O'Hara,1964
830,The Complete Poetry of César Vallejo,César Vallejo,1979
831,Conversation in the Cathedral,Mario Vargas Llosa,1969
832,Carmen,Prosper Mérimée,1845
833,Cold Sassy Tree,Olive Ann Burns,1984
834,"Twelfth Night: Or, What You Will",William Shakespeare,1602
835,Marivaux: Three Plays,Pierre Carlet de Chamblain de Marivaux,1763
836,La légende des siècles,Victor Hugo,1859
837,The Shipping News,E. Annie Proulx,1993
838,Poems of Pablo Neruda,Pablo Neruda,1975
839,Los lanzallamas,Roberto Arlt,1931
840,The Burning Plain and Other Stories,Juan Rulfo,1953
841,The Last Books of Hector Viel Temperley,Hector Viel Temperley ,1982
842,Calligrammes,Guillaume Apollinaire,1918
843,Pigs in Heaven,Barbara Kingsolver,1993
844,The Poems of Jaime Gil de Biedma ,Jaime Gil de Biedma ,1982
845,Celestina,Fernando de Rojas,1499
846,Rimas,Gustavo Adolfo Bécquer,1850
847,Trilce,César Vallejo,1922
848,The Shipyard,Juan Carlos Onetti,1961
849,Three Trapped Tigers,Guillermo Cabrera Infante,1967
850,Residence on Earth,Pablo Neruda,1933
851,La Regenta,Clarín,1884
852,Juan De Mairena,Antonio Machado,1936
853,Fortunata and Jacinta,Benito Pérez Galdós,1887
854,Nero Wolfe,Rex Stout,1934
855,The Manticore,Robertson Davies,1972
856,Death on Credit,Louis-Ferdinand Céline,1936
857,Fifth Business,Robertson Davies,1970
858,Tarzan of the Apes,Edgar Rice Burroughs,1912
859,The Progress of Love,Alice Munro,1986
860,The Hardy Boys,Franklin W. Dixon,1927
861,World of Wonders,Robertson Davies,1975
862,Lad: a Dog,Albert Payson Terhune,1919
863,The Complete Poems,Philip Larkin,1985
864,The Princess Bride: An Illustrated Edition of S. Morgenstern's Classic Tale of True Love and High Adventure,William Goldman,1973
865,Mrs. Bridge,Evan S. Connell,1959
866,Mr Bridge,Evan S. Connell,1969
867,Complete Stories,Dorothy Parker,1967
868,The Sirens of Titan,Kurt Vonnegut,1959
869,The Poetry of Derek Walcott 1948-2013,Derek Walcott,2013
870,We Have Always Lived in the Castle,Shirley Jackson,1962
871,Freedom: A Novel,Jonathan Franzen,2010
872,Kolyma Tales,Varlan Shalanov,1954
873,Collected Stories,Raymond Chandler,2009
874,Giants in the Earth,Ole Edvart Rolvaag,1927
875,Small Island,Andrea Levy,2004
876,Bohemian Lights,Ramón del Valle-Inclán,1924
877,The Garden of the Finzi-Continis,Giorgio Bassani,1962
878,Last Evenings with Teresa,Juan Marse,1965
879,Poems by Machado,Antonio Machado,1917
880,Poems of Góngora,Luis de Góngora,1600
881,The First Man,Albert Camus,1994
882,The Shadow Line,Joseph Conrad,1917
883,Mortal y rosa,Francisco Umbral,1975
884,Demian,Hermann Hesse,1919
885,The Poetry of Luis Cernuda,Luis Cernuda,1963
886,"Spain, Take This Chalice from Me",Cesar Vallejo,1937
887,Aunt Julia and the Scriptwriter,Mario Vargas Llosa,1977
888,The Time of the Hero,Mario Vargas Llosa,1963
889,Peter Pan,J. M. Barrie,1902
890,Illuminations,Arthur Rimbaud,1886
891,Sanctuary,William Faulkner,1931
892,Sonnets,Julián Olivares,1625
893,"Three plays: The hostage, Crusts, The humiliation of the father",Paul Claudel,1955
894,Wry-Blue Loves: Les Amours Jaunes,Tristan Corbière,1873
895,Les Contemplations,Victor Hugo,1856
896,La Nuit obscure,Jean de la Croix,
897,Wise Children,Angela Carter,1991
898,The Diary of a Country Priest,Georges Bernanos,1936
899,The Blue Flower,Penelope Fitzgerald,1997
900,A Visit From The Goon Squad,Jennifer Egan,2010
901,The Fortress of Solitude,Jonathan Lethem,2003
902,Old Filth,Jane Gardam,2004
903,Sense and Sensibility,Jane Austen,1811
904,Never Mind,Edward St Aubyn,1992
905,Some Hope,Edward St. Aubyn,1994
906,Bad News,Edward St Aubyn,1992
907,At Last,Edward St. Aubyn,2012
908,Mother's Milk,Edward St Aubyn,2005
909,Cat's Cradle,Kurt Vonnegut,1963
910,Under the Net,Iris Murdoch,1954
911,Time and Again,Jack Finney,1970
912,Excellent Women,Barbara Pym,1952
913,The Jewel In The Crown,Paul Scott,1966
914,The Poetry of Ezra Pound,Ezra Pound,1972
915,A Legacy,Sybille Bedford,1956
916,The Private Memoirs and Confessions of a Justified Sinner,James Hogg,1824
917,The Buddha of Suburbia,Hanif Kureishi,1990
918,The Memoirs of a Survivor,Doris May Lessing,1974
919,There But For The,Ali Smith,2011
920,The Czar's Madman,Jaan Kross,1978
921,Barefoot,Zaharia Stancu,
922,The Dwarf,Par Lagerkvist,1945
923,The Wind on the Moon,Eric Linklater,1944
924,The Man Without a Way,Erik Lindegren,
925,Cat's Eye,Margaret Atwood,1988
926,Master and Commander,Patrick O'Brian,1969
927,The Christmas Oratorio,Göran Tunström,
928,The Royal Game,Stefan Zweig,1942
929,Another Country,James Baldwin,1962
930,The Emigrants,Vilhelm Moberg,1949
931,The Last Days of Mankind,Karl Kraus,1922
932,The German Lesson,Siegfried Lenz,1968
933,Doctor Glas,Hjalmar Soderberg,1905
934,The Talisman,Sir Walter Scott,1825
935,Der Fall Mauritius,Jakob Wassermann,1928
936,"Mio, My Son",Astrid Lindgren,1954
937,Dog,Kerstin Ekman,
938,Simon and the Oaks,Marianne Fredriksson,1985
939,The Baron in the Trees,Italo Calvino,1957
940,The Long Ships,Frans G. Bengtsson,1941
941,Professor Unrat,Heinrich Mann,1905
942,The Lost Steps,Alejo Carpentier,
943,Collected Poems,Nils Ferlin,
944,They Burn the Thistles,Yaşar Kemal,1969
945,Hemsöborna,August Strindberg,1887
946,Betty Blue: The Story of a Passion,Philippe Djian,1985
947,The Days of His Grace,Eyvind Johnson,1960
948,"Farewell, My Lovely: A Novel",Raymond Chandler,1940
949,The Discovery of Heaven,Harry Mulisch,1992
950,Nathan the Wise,Gotthold Ephraim Lessing,1779
951,The Clown,Heinrich Böll,1963
952,The Sea-Wolf,Jack London,1904
953,Eye Of The Needle,Ken Follett,1978
954,Samuels bok,Sven Delblanc,1981
955,The Good Person of Szechwan,Bertolt Brecht,1943
956,"South of the Border, West of the Sun: A Novel",Haruki Murakami,1992
957,Candida: a Pleasant Play,George Bernard Shaw,1894
958,Die neuen Leiden des jungen W.,Ulrich Plenzdorf,1972
959,The Alberta Trilogy,Cora Sandel,1926
960,A Tale of Love and Darkness,Amos Oz,2002
961,The Women's Room,Marilyn French,1977
962,After the Flood,P.C. Jersild,1982
963,Effi Briest,Theodor Fontane,1896
964,The bells of Bicêtre,Georges Simenon,
965,The Emperor of Portugallia,Selma Lagerlof,1914
966,The Physicists,Friedrich Dürrenmatt,1962
967,Wilhelm Meister's Apprenticeship,Johann Wolfgang von Goethe,1796
968,"Don Carlos: Infante of Spain, a Drama in Five Acts",Friedrich Schiller,1787
969,Flowering Nettle,Harry Martinson,1935
970,Michael Kohlhaas,Heinrich Von Kleist,1810
971,The Red Room,August Strindberg,1879
972,The Hunting Gun,Yasushi Inoue,1949
973,Stockholm series,Per Anders Fogelström,1960
974,The Serious Game,Hjalmar Söderberg,1912
975,Rhythms,Harry Martinson,
976,Bathsheba,Torgny Lindgren,
977,The Road to Klockrike,Harry Martinson,1948
978,Barabbas,Par Lagerkvist,1950
979,The Queen's Tiara,Carl Jonas Love Almquist,1834
980,Kallocain,Karin Boye,1940
981,Splendors and Miseries of Courtesans,Honore De Balzac,1847
982,The Shadow of the Wind,Carlos Ruiz Zafon,2001
983,Second-class Citizen,Buchi Emecheta,1974
984,The Werewolf,Aksel Sandemose,
985,The Unknown Soldier,Väinö Linna,1954
986,The Book-Dealer Who Ceased Bathing,Fritiof Nilsson Piraten,1937
987,House with the Blind Glass Windows,Herbjørg Wassmo,
988,The Day of the Jackal,Frederick Forsyth,1971
989,Shadows on the Hudson: A Novel,Isaac Bashevis Singer,1957
990,Dog Soldiers,Robert Stone,1974
991,The Man in the High Castle,Philip K. Dick,1962
992,The Power and the Glory,Graham Greene,1940
993,Interpreter of Maladies,Jhumpa Lahiri,2000
994,Mason & Dixon,Thomas Pynchon,1997
995,A Fable,William Faulkner,1954
996,Red Harvest,Dashiell Hammett,1929
997,Franny and Zooey,J. D. Salinger,1961
998,What Is the What,Dave Eggers,2006
999,A Thousand Acres,Jane Smiley,1992
1000,The Prophet,Kahlil Gibran,1923
